JPM83792413-1-120207,285167
JPM83802413-1-120207,285168
JPM81232413-1-120207,285169
JPM81242413-1-120207,285170
JPM81252413-1-120207,285171
JPM81262413-1-120207,285172
JPM81272413-1-120207,285173
JPM81282413-1-120207,285174
JPM81292413-1-120207,285175
JPM81302413-1-120207,285176
JPM81312413-1-120207,285177
JPM81322413-1-120207,285178
JPM81332413-1-120207,285179
JPM81342413-1-120207,285180
JPM81352413-1-120207,285181
JPM81362413-1-120207,285182
JPM81372413-1-120207,285183
JPM81382413-1-120207,285184
JPM81392413-1-120207,285185
JPM81402413-1-120207,285186
JPM81412413-1-120207,285187
JPM81422413-1-120207,285188
JPM81432413-1-120207,285189
JPM81442413-1-120207,285190
JPM81462413-1-120207,285191
JPM81472413-1-120207,285192
JPM81502413-1-120207,285193
JPM81512413-1-120207,285194
JPM81522413-1-120207,285195
JPM82542413-1-120207,285196
JPM82552413-1-120207,285197
JPM82562413-1-120207,285198
JPM82572413-1-120207,285199
JPM82582413-1-120207,285200
JPM82592413-1-120207,285201
JPM82602413-1-120207,285202
JPM82642413-1-120207,285203
JPM82652413-1-120207,285204
JPM83002413-1-120207,285205
JPM83012413-1-120207,285206
JPM83122413-1-120207,285207
JPM83132413-1-120207,285208
JPM83182413-1-120207,285209
JPM83192413-1-120207,285210
JPM83322413-1-120207,285211
JPM83382413-1-120207,285212
JPM83392413-1-120207,285213
JPM83402413-1-120207,285214
JPM83432413-1-120207,285215
JPM83442413-1-120207,285216
JPM83482413-1-120207,285217
JPM83492413-1-120207,285218
JPM83502413-1-120207,285219
JPM83512413-1-120207,285220
JPM83522413-1-120207,285221
JPM83532413-1-120207,285222
JPM83542413-1-120207,285223
JPM83552413-1-120207,285224
JPM83562413-1-120207,285225
JPM83572413-1-120207,285226
JPM83582413-1-120207,285227
JPM83592413-1-120207,285228
JPM83602413-1-120207,285229
JPM83612413-1-120207,285230
JPM83622413-1-120207,285231
JPM83632413-1-120207,285232
JPM83642413-1-120207,285233
JPM83652413-1-120207,285234
JPM83662413-1-120207,285235
JPM83672413-1-120207,285236
JPM83682413-1-120207,285237
JPM83692413-1-120207,285238
JPM83702413-1-120207,285239
JPM83712413-1-120207,285240
JPM83752413-1-120207,285241
JPM83772413-1-120207,285242
JPM83782413-1-120207,285243
JPM83842413-1-120207,285244
JPM83852413-1-120207,285245
JPM83862413-1-120207,285246
JPM83872413-1-120207,285247
JPM83882413-1-120207,285248
JPM83892413-1-120207,285249
JPM83902413-1-120207,285250
JPM83912413-1-120207,285251
JPM85882413-1-120207,285252
JPM85892413-1-120207,285253
JPM85902413-1-120207,285254
JPM85912413-1-120207,285255
JPM85922413-1-120207,285256
JPM85932413-1-120207,285257
JPM85942413-1-120207,285258
JPM85952413-1-120207,285259
JPM85962413-1-120207,285260
JPM85972413-1-120207,285261
JPM85982413-1-120207,285262
JPM85992413-1-120207,285263
JPM86002413-1-120207,285264
JPM91782413-1-120207,285265
JPM91832413-1-120207,285266
JPM91842413-1-120207,285267
JPM91852413-1-120207,285268
JPM91862413-1-120207,285269
JPM91872413-1-120207,285270
JPM91882413-1-120207,285271
JPM92202413-1-120207,285272
JPM92322413-1-120207,285273
JPM92332413-1-120207,285274
JPM92342413-1-120207,285275
JPM93332413-1-120207,285276
JPM93342413-1-120207,285277
JPM93352413-1-120207,285278
JPM93362413-1-120207,285279
JPM93372413-1-120207,285280
JPM93382413-1-120207,285281
JPM93272413-1-120207,285282
JPM93962413-1-120207,285283
JPM93972413-1-120207,285284
JPM99122413-1-120208,285285
JPM99132413-1-120208,285286
JPM99142413-1-120208,285287
JPM99152413-1-120208,285288
JPM99182413-1-120208,285289
JPM99192413-1-120208,285290
JPM99202413-1-120208,285291
JPM99212413-1-120208,285292
JPM99482413-1-120208,285293
JPM99492413-1-120208,285294
JPM00342413-1-120208,285295
JPM00352413-1-120208,285296
JPM03552413-1-120208,285297
JPM03562413-1-120208,285298
JPM03572413-1-120208,285299
JPM03622413-1-120208,285300
JPM03632413-1-120208,285301
JPM03642413-1-120208,285302
JPM03672413-1-120208,285303
JPM03682413-1-120208,285304
JPM03692413-1-120208,285305
JPM03712413-1-120208,285306
JPM03732413-1-120208,285307
JPM03752413-1-120208,285308
JPM03772413-1-120208,285309
JPM03792413-1-120208,285310
JPM03812413-1-120208,285311
JPM03832413-1-120208,285312
JPM03852413-1-120208,285313
JPM03872413-1-120208,285314
JPM03892413-1-120208,285315
JPM03912413-1-120208,285316
JPM03932413-1-120208,285317
JPM03952413-1-120208,285318
JPM03972413-1-120208,285319
JPM03992413-1-120208,285320
JPM04012413-1-120208,285321
JPM04032413-1-120208,285322
JPM04052413-1-120208,285323
JPM04072413-1-120208,285324
JPM04092413-1-120208,285325
JPM04112413-1-120208,285326
JPM04132413-1-120208,285327
JPM04152413-1-120208,285328
JPM04242413-1-120208,285329
JPM04202413-1-120208,285330
JPM04372413-1-120208,285331
JPM04382413-1-120208,285332
JPM04412413-1-120208,285333
JPM04452413-1-120208,285334
JPM04462413-1-120208,285335
JPM04472413-1-120208,285336
JPM05412413-1-120208,285337
JPM05422413-1-120208,285338
JPM05432413-1-120208,285339
JPM05442413-1-120208,285340
JPM07582413-1-120208,285341
JPM07592413-1-120208,285342
JPM07602413-1-120208,285343
JPM07722413-1-120208,285344
JPM08212413-1-120208,285345
JPM08222413-1-120208,285346
JPM12462413-1-120208,285347
JPM12472413-1-120208,285348
JPM12482413-1-120208,285349
JPM12492413-1-120208,285350
JPM12502413-1-120208,285351
JPM12512413-1-120208,285352
JPM12522413-1-120208,285353
JPM14172413-1-120208,285354
JPM14182413-1-120208,285355
JPM14192413-1-120208,285356
JPM14202413-1-120208,285357
JPM14212413-1-120208,285358
JPM14222413-1-120208,285359
JPM14232413-1-120208,285360
JPM14242413-1-120208,285361
JPM14262413-1-120208,285362
JPM14462413-1-120208,285363
JPM19812413-1-120209,285364
JPM19952413-1-120209,285365
JPM19962413-1-120209,285366
JPM19972413-1-120209,285367
JPM20002413-1-120209,285368
JPM20882413-1-120209,285369
JPM20892413-1-120209,285370
JPM20942413-1-120209,285371
JPM21252413-1-120209,285372
JPM21352413-1-120209,285373
JPM21362413-1-120209,285374
JPM21382413-1-120209,285375
JPM21372413-1-120209,285376
JPM21412413-1-120209,285377
JPM21422413-1-120209,285378
JPM21432413-1-120209,285379
JPM21692413-1-120209,285380
JPM21932413-1-120209,285381
JPM21942413-1-120209,285382
JPM23582413-1-120209,285383
JPM24372413-1-120209,285384
JPM24382413-1-120209,285385
JPM24452413-1-120209,285386
JPM24512413-1-120209,285387
JPM24522413-1-120209,285388
JPM24532413-1-120209,285389
JPM24542413-1-120209,285390
JPM24552413-1-120209,285391
JPM24562413-1-120209,285392
JPM24572413-1-120209,285393
JPM24462413-1-120209,285394
JPM24472413-1-120209,285395
JPM24482413-1-120209,285396
JPM24582413-1-120209,285397
JPM24592413-1-120209,285398
JPM27902413-1-120209,285399
JPM30892413-1-120209,285400
JPM30902413-1-120209,285401
JPM30912413-1-120209,285402
JPM30922413-1-120209,285403
JPM30162413-1-120209,285404
JPM31182413-1-120209,285405
JPM31192413-1-120209,285406
JPM31202413-1-120209,285407
JPM31212413-1-120209,285408
JPM31222413-1-120209,285409
JPM31232413-1-120209,285410
JPM31242413-1-120209,285411
JPM31252413-1-120209,285412
JPM31262413-1-120209,285413
JPM31272413-1-120209,285414
JPM31282413-1-120209,285415
JPM31292413-1-120209,285416
JPM31302413-1-120209,285417
JPM31312413-1-120209,285418
JPM31322413-1-120209,285419
JPM31332413-1-120209,285420
JPM31342413-1-120209,285421
JPM31352413-1-120209,285422
JPM31362413-1-120209,285423
JPM31372413-1-120209,285424
JPM31382413-1-120209,285425
JPM31392413-1-120209,285426
JPM31402413-1-120209,285427
JPM31412413-1-120209,285428
JPM31422413-1-120209,285429
JPM31432413-1-120209,285430
JPM31442413-1-120209,285431
JPM31452413-1-120209,285432
JPM31462413-1-120209,285433
JPM31472413-1-120209,285434
JPM31482413-1-120209,285435
JPM31492413-1-120209,285436
JPM31502413-1-120209,285437
JPM31512413-1-120209,285438
JPM31522413-1-120209,285439
JPM31532413-1-120209,285440
JPM31542413-1-120209,285441
JPM31552413-1-120209,285442
JPM31562413-1-120209,285443
JPM39232413-1-120210,285444
JPM39242413-1-120210,285445
JPM39252413-1-120210,285446
JPM39262413-1-120210,285447
JPM39272413-1-120210,285448
JPM39282413-1-120210,285449
JPM39292413-1-120210,285450
JPM39302413-1-120210,285451
JPM39312413-1-120210,285452
JPM39322413-1-120210,285453
JPM39332413-1-120210,285454
JPM39342413-1-120210,285455
JPM39352413-1-120210,285456
JPM39362413-1-120210,285457
JPM39372413-1-120210,285458
JPM39382413-1-120210,285459
JPM39392413-1-120210,285460
JPM39402413-1-120210,285461
JPM39482413-1-120210,285462
JPM39492413-1-120210,285463
JPM39502413-1-120210,285464
JPM39512413-1-120210,285465
JPM40132413-1-120210,285466
JPM41602413-1-120210,285467
JPM41622413-1-120210,285468
JPM41642413-1-120210,285469
JPM41662413-1-120210,285470
JPM41682413-1-120210,285471
JPM41702413-1-120210,285472
JPM41722413-1-120210,285473
JPM41742413-1-120210,285474
JPM41762413-1-120210,285475
JPM41782413-1-120210,285476
JPM41802413-1-120210,285477
JPM41822413-1-120210,285478
JPM41842413-1-120210,285479
JPM41862413-1-120210,285480
JPM41882413-1-120210,285481
JPM42762413-1-120210,285482
JPM42772413-1-120210,285483
JPM42782413-1-120210,285484
JPM42792413-1-120210,285485
JPM42802413-1-120210,285486
JPM42812413-1-120210,285487
JPM42822413-1-120210,285488
JPM42932413-1-120210,285489
JPM42942413-1-120210,285490
JPM42952413-1-120210,285491
JPM42962413-1-120210,285492
JPM42972413-1-120210,285493
JPM42992413-1-120210,285494
JPM42982413-1-120210,285495
JPM44922413-1-120210,285496
JPM44932413-1-120210,285497
JPM44942413-1-120210,285498
JPM44952413-1-120210,285499
JPM44962413-1-120210,285500
JPM45492413-1-120210,285501
JPM45502413-1-120210,285502
JPM45512413-1-120210,285503
JPM45522413-1-120210,285504
JPM45532413-1-120210,285505
JPM45542413-1-120210,285506
JPM45552413-1-120210,285507
JPM45562413-1-120210,285508
JPM45652413-1-120210,285509
JPM45662413-1-120210,285510
JPM45672413-1-120210,285511
JPM45682413-1-120210,285512
JPM45692413-1-120210,285513
JPM45702413-1-120210,285514
JPM45712413-1-120210,285515
JPM45322413-1-120210,285516
JPM45332413-1-120210,285517
JPM45342413-1-120210,285518
JPM47402413-1-120210,285519
JPM50642413-1-120210,285520
JPM50652413-1-120210,285521
JPM50662413-1-120210,285522
JPM50672413-1-120210,285523
JPM50682413-1-120210,285524
JPM50692413-1-120210,285525
JPM50702413-1-120210,285526
JPM50712413-1-120210,285527
JPM50722413-1-120210,285528
JPM50732413-1-120210,285529
JPM50742413-1-120210,285530
JPM50752413-1-120210,285531
JPM50762413-1-120210,285532
JPM50772413-1-120210,285533
JPM50782413-1-120210,285534
JPM50792413-1-120210,285535
JPM50822413-1-120210,285536
JPM50852413-1-120210,285537
JPM51992413-1-120210,285538
JPM54042413-1-120210,285539
JPM54052413-1-120210,285540
JPM56822413-1-120210,285541
